Atomoxetine,Acetaminophen,0
Azithromycin,Acetaminophen,0
Betaxolol,Acetaminophen,0
Bortezomib,Acetaminophen,0
Cabergoline,Acetaminophen,1
Caffeine,Acetaminophen,0
Celecoxib,Acetaminophen,0
Cerivastatin,Acetaminophen,2
Chlorpromazine,Acetaminophen,0
Cholecalciferol,Acetaminophen,0
Citalopram,Acetaminophen,0
Clemastine,Acetaminophen,0
Clotrimazole,Acetaminophen,0
Clozapine,Acetaminophen,0
Cyclosporine,Acetaminophen,0
Acetaminophen,Dicoumarol,11
Acetaminophen,Dihydroergotamine,1
Acetaminophen,Diltiazem,0
Acetaminophen,Doxycycline,0
Acetaminophen,Duloxetine,0
Acetaminophen,Erythromycin,0
Acetaminophen,Floxuridine,0
Acetaminophen,Fluoxetine,0
Acetaminophen,Fluvoxamine,0
Acetaminophen,Imipramine,0
Acetaminophen,Isradipine,0
Acetaminophen,Lidocaine,0
Acetaminophen,Lovastatin,2
Acetaminophen,Methadone,0
Acetaminophen,Methylergometrine,1
Acetaminophen,Metoprolol,0
Acetaminophen,Mexiletine,0
Acetohexamide,Bendroflumethiazide,4
Acetohexamide,Betamethasone,4
Acetohexamide,Betaxolol,10
Acetohexamide,Chloramphenicol,0
Acetohexamide,Clozapine,4
Acetohexamide,Dicoumarol,11
Acetohexamide,Disopyramide,10
Acetohexamide,Etonogestrel,4
Acetohexamide,Glimepiride,10
Acetohexamide,Levonorgestrel,4
Acetohexamide,Lipoicacid,10
Acetohexamide,Metoprolol,10
Diethylstilbestrol,Acitretin,4
Doxycycline,Acitretin,1
Etonogestrel,Acitretin,4
Levonorgestrel,Acitretin,4
Alclometasone,Aminosalicylicacid,1
Alclometasone,Atomoxetine,0
Alclometasone,Bendroflumethiazide,16
Alclometasone,Bortezomib,0
Alclometasone,Calcitriol,4
Alclometasone,Celecoxib,1
Alclometasone,Clemastine,0
Alclometasone,Clotrimazole,0
Alclometasone,Cyclosporine,0
Alclometasone,Diethylstilbestrol,2
Alclometasone,Dihydroergotamine,0
Alclometasone,Diltiazem,0
Alclometasone,Doxycycline,0
Alclometasone,Enoxacin,1
Alclometasone,Erythromycin,0
Alclometasone,Fluvoxamine,0
Alclometasone,Indomethacin,1
Alclometasone,Isradipine,0
Alclometasone,Lovastatin,0
Alclometasone,Masoprocol,1
Alclometasone,Mefloquine,1
Alclometasone,Nabumetone,1
Amlodipine,Alfuzosin,7
Anagrelide,Alfuzosin,6
Argatroban,Alfuzosin,2
Atomoxetine,Alfuzosin,0
Azithromycin,Alfuzosin,6
Bendroflumethiazide,Alfuzosin,7
Betaxolol,Alfuzosin,7
Bortezomib,Alfuzosin,0
Brimonidine,Alfuzosin,7
Chlorpromazine,Alfuzosin,6
Citalopram,Alfuzosin,6
Clemastine,Alfuzosin,0
Clotrimazole,Alfuzosin,0
Clozapine,Alfuzosin,6
Cyclosporine,Alfuzosin,0
Dihydroergotamine,Alfuzosin,0
Diltiazem,Alfuzosin,7
Disopyramide,Alfuzosin,6
Dofetilide,Alfuzosin,6
Doxycycline,Alfuzosin,0
Erythromycin,Alfuzosin,0
Fluoxetine,Alfuzosin,6
Fluvoxamine,Alfuzosin,0
Isradipine,Alfuzosin,7
Lovastatin,Alfuzosin,0
Methadone,Alfuzosin,6
Metoprolol,Alfuzosin,7
Midodrine,Alfuzosin,42
Allopurinol,Bendroflumethiazide,60
Allopurinol,Dicoumarol,11
Digoxin,Aminoglutethimide,18
Methadone,Aminoglutethimide,2
Anagrelide,Aminosalicylicacid,1
Argatroban,Aminosalicylicacid,1
Beclomethasonedipropionate,Aminosalicylicacid,1
Betamethasone,Aminosalicylicacid,1
Dicoumarol,Aminosalicylicacid,11
Diltiazem,Aminosalicylicacid,11
Disopyramide,Aminosalicylicacid,10
Flunisolide,Aminosalicylicacid,1
Fluorometholone,Aminosalicylicacid,1
Glimepiride,Aminosalicylicacid,10
Amphetamine,Amitriptyline,14
Anagrelide,Amitriptyline,6
Argatroban,Amitriptyline,2
Atomoxetine,Amitriptyline,0
Azithromycin,Amitriptyline,0
Betaxolol,Amitriptyline,0
Bortezomib,Amitriptyline,0
Brimonidine,Amitriptyline,5
Bupivacaine,Amitriptyline,1
Cabergoline,Amitriptyline,1
Caffeine,Amitriptyline,0
Carisoprodol,Amitriptyline,1
Celecoxib,Amitriptyline,0
Chloramphenicol,Amitriptyline,0
Chlorpromazine,Amitriptyline,0
Chlorzoxazone,Amitriptyline,1
Cholecalciferol,Amitriptyline,0
Citalopram,Amitriptyline,1
Clemastine,Amitriptyline,0
Clotrimazole,Amitriptyline,0
Clozapine,Amitriptyline,0
Codeine,Amitriptyline,1
Cyclosporine,Amitriptyline,0
Cyproheptadine,Amitriptyline,1
Amitriptyline,Desmopressin,1
Amitriptyline,Dicoumarol,11
Amitriptyline,Dihydroergotamine,9
Amitriptyline,Diltiazem,0
Amitriptyline,Disopyramide,6
Amitriptyline,Dofetilide,6
Amitriptyline,Doxycycline,0
Amitriptyline,Doxylamine,5
Amitriptyline,Dronabinol,5
Amitriptyline,Duloxetine,14
Amitriptyline,Eletriptan,1
Amitriptyline,Enflurane,1
Amitriptyline,Erythromycin,0
Amitriptyline,Eszopiclone,1
Amitriptyline,Etomidate,9
Floxuridine,Amitriptyline,0
Fluoxetine,Amitriptyline,1
Fluvoxamine,Amitriptyline,1
Hydromorphone,Amitriptyline,1
Imipramine,Amitriptyline,1
Isradipine,Amitriptyline,0
Ltryptophan,Amitriptyline,14
Levothyroxine,Amitriptyline,26
Lidocaine,Amitriptyline,0
Loratadine,Amitriptyline,1
Lorazepam,Amitriptyline,1
Lovastatin,Amitriptyline,0
Meprobamate,Amitriptyline,1
Methadone,Amitriptyline,1
Methylphenidate,Amitriptyline,1
Metoprolol,Amitriptyline,2
Mexiletine,Amitriptyline,0
Midodrine,Amitriptyline,54
Mirtazapine,Amitriptyline,5
Morphine,Amitriptyline,1
Nabilone,Amitriptyline,5
Amphetamine,Amlodipine,7
Atomoxetine,Amlodipine,0
Bendroflumethiazide,Amlodipine,7
Betaxolol,Amlodipine,7
Bortezomib,Amlodipine,0
Brimonidine,Amlodipine,25
Bupivacaine,Amlodipine,1
Cabergoline,Amlodipine,1
Cerivastatin,Amlodipine,2
Chlorpromazine,Amlodipine,1
Clemastine,Amlodipine,0
Clotrimazole,Amlodipine,0
Clozapine,Amlodipine,1
Cyclosporine,Amlodipine,0
Amlodipine,Dihydroergotamine,1
Amlodipine,Diltiazem,0
Amlodipine,Doxycycline,0
Amlodipine,Duloxetine,17
Amlodipine,Erythromycin,0
Fluvoxamine,Amlodipine,0
Griseofulvin,Amlodipine,15
Imipramine,Amlodipine,1
Isradipine,Amlodipine,0
Lovastatin,Amlodipine,2
Methylergometrine,Amlodipine,1
Methylphenidate,Amlodipine,9
Metoprolol,Amlodipine,2
Morphine,Amlodipine,1
Nabilone,Amlodipine,1
Amphetamine,Bendroflumethiazide,7
Amphetamine,Benzatropine,21
Amphetamine,Betaxolol,0
Amphetamine,Brimonidine,1
Amphetamine,Cabergoline,0
Amphetamine,Celecoxib,0
Amphetamine,Chlorpromazine,0
Amphetamine,Cholecalciferol,0
Amphetamine,Citalopram,1
Amphetamine,Clemastine,45
Amphetamine,Clotrimazole,0
Amphetamine,Clozapine,0
Amphetamine,Codeine,1
Amphetamine,Cyproheptadine,45
Amphetamine,Dihydroergotamine,0
Amphetamine,Diltiazem,7
Amphetamine,Disopyramide,10
Amphetamine,Doxylamine,45
Amphetamine,Dronabinol,22
Amphetamine,Duloxetine,1
Amphetamine,Eletriptan,2
Amphetamine,Ethopropazine,21
Fluoxetine,Amphetamine,1
Fluvoxamine,Amphetamine,1
Glimepiride,Amphetamine,10
Hydromorphone,Amphetamine,1
Imipramine,Amphetamine,14
Isradipine,Amphetamine,7
Ltryptophan,Amphetamine,1
Lansoprazole,Amphetamine,47
Loratadine,Amphetamine,21
Methadone,Amphetamine,1
Methylphenidate,Amphetamine,32
Metoprolol,Amphetamine,2
Midodrine,Amphetamine,32
Mirtazapine,Amphetamine,1
Morphine,Amphetamine,15
Nabilone,Amphetamine,22
Atomoxetine,Amsacrine,0
Betaxolol,Amsacrine,0
Celecoxib,Amsacrine,0
Chlorpromazine,Amsacrine,0
Cholecalciferol,Amsacrine,0
Citalopram,Amsacrine,0
Clemastine,Amsacrine,0
Clotrimazole,Amsacrine,0
Clozapine,Amsacrine,1
Amsacrine,Digoxin,18
Amsacrine,Duloxetine,0
Amsacrine,Fluoxetine,0
Amsacrine,Fluvoxamine,0
Amsacrine,Imipramine,0
Amsacrine,Methadone,0
Amsacrine,Metoprolol,0
Anagrelide,Argatroban,11
Anagrelide,Atomoxetine,6
Anagrelide,Azithromycin,6
Anagrelide,Bortezomib,6
Anagrelide,Caffeine,0
Anagrelide,Chlorpromazine,6
Anagrelide,Citalopram,24
Anagrelide,Clotrimazole,0
Anagrelide,Clozapine,6
Anagrelide,Dicoumarol,11
Anagrelide,Digoxin,18
Anagrelide,Disopyramide,24
Anagrelide,Dofetilide,24
Anagrelide,Erythromycin,6
Anagrelide,Fluoxetine,24
Anagrelide,Fluvoxamine,0
Anagrelide,Imipramine,6
Anagrelide,Isradipine,6
Anagrelide,Lidocaine,0
Anagrelide,Mefloquine,6
Anagrelide,Methadone,6
Anagrelide,Mexiletine,0
Anagrelide,Mirtazapine,6
Atomoxetine,Argatroban,0
Bortezomib,Argatroban,0
Cabergoline,Argatroban,2
Celecoxib,Argatroban,11
Clemastine,Argatroban,0
Clotrimazole,Argatroban,0
Cyclosporine,Argatroban,2
Dicoumarol,Argatroban,11
Diethylstilbestrol,Argatroban,3
Digoxin,Argatroban,2
Dihydroergotamine,Argatroban,2
Diltiazem,Argatroban,0
Doxycycline,Argatroban,0
Erythromycin,Argatroban,0
Etonogestrel,Argatroban,4
Fluvoxamine,Argatroban,0
Imipramine,Argatroban,2
Indomethacin,Argatroban,11
Isradipine,Argatroban,0
Levonorgestrel,Argatroban,4
Lovastatin,Argatroban,2
Masoprocol,Argatroban,11
Methylergometrine,Argatroban,2
Mirtazapine,Argatroban,2
Nabumetone,Argatroban,11
Atomoxetine,Azithromycin,0
Atomoxetine,Benzatropine,0
Atomoxetine,Betaxolol,0
Atomoxetine,Bexarotene,0
Atomoxetine,Bortezomib,0
Atomoxetine,Bupivacaine,0
Atomoxetine,Cabergoline,1
Atomoxetine,Caffeine,0
Atomoxetine,Calcitriol,0
Atomoxetine,Celecoxib,0
Atomoxetine,Cerivastatin,2
Atomoxetine,Cevimeline,0
Atomoxetine,Chloramphenicol,0
Atomoxetine,Chlorpromazine,0
Atomoxetine,Chlorzoxazone,0
Atomoxetine,Cholecalciferol,0
Atomoxetine,Citalopram,6
Atomoxetine,Clemastine,0
Atomoxetine,Clotrimazole,0
Atomoxetine,Clozapine,0
Atomoxetine,Codeine,4
Atomoxetine,Cyclosporine,0
Atomoxetine,Digoxin,0
Atomoxetine,Dihydroergotamine,1
Atomoxetine,Diltiazem,0
Atomoxetine,Disopyramide,6
Atomoxetine,Dofetilide,2
Atomoxetine,Dronabinol,2
Atomoxetine,Duloxetine,0
Atomoxetine,Eletriptan,2
Atomoxetine,Ergocalciferol,0
Atomoxetine,Erythromycin,0
Atomoxetine,Eszopiclone,0
Atomoxetine,Etonogestrel,0
Flunisolide,Atomoxetine,0
Fluorometholone,Atomoxetine,0
Fluoxetine,Atomoxetine,2
Fluvoxamine,Atomoxetine,0
Gefitinib,Atomoxetine,0
Hydromorphone,Atomoxetine,0
Atomoxetine,Imipramine,0
Atomoxetine,Ipratropiumbromide,0
Atomoxetine,Isradipine,0
Atomoxetine,Lansoprazole,0
Atomoxetine,Levonorgestrel,0
Atomoxetine,Levothyroxine,0
Atomoxetine,Lidocaine,0
Atomoxetine,Loratadine,0
Atomoxetine,Lovastatin,2
Atomoxetine,Mefloquine,0
Atomoxetine,Methadone,0
Atomoxetine,Methylergometrine,1
Atomoxetine,Methylphenidate,0
Atomoxetine,Metoprolol,2
Atomoxetine,Mexiletine,0
Atomoxetine,Midodrine,32
Atomoxetine,Mirtazapine,0
Atomoxetine,Montelukast,0
Atomoxetine,Morphine,0
Betaxolol,Azithromycin,0
Bortezomib,Azithromycin,0
Bupivacaine,Azithromycin,0
Cabergoline,Azithromycin,1
Caffeine,Azithromycin,0
Carmustine,Azithromycin,0
Cerivastatin,Azithromycin,2
Chlorpromazine,Azithromycin,6
Chlorzoxazone,Azithromycin,0
Citalopram,Azithromycin,6
Clemastine,Azithromycin,0
Clotrimazole,Azithromycin,0
Clozapine,Azithromycin,6
Cyclosporine,Azithromycin,0
Azithromycin,Dicoumarol,2
Azithromycin,Digoxin,2
Azithromycin,Dihydroergotamine,1
Azithromycin,Diltiazem,0
Azithromycin,Disopyramide,6
Azithromycin,Dofetilide,6
Azithromycin,Doxycycline,0
Azithromycin,Duloxetine,0
Azithromycin,Erythromycin,6
Azithromycin,Fluoxetine,6
Azithromycin,Fluvoxamine,0
Azithromycin,Imipramine,0
Azithromycin,Isradipine,0
Azithromycin,Lidocaine,0
Azithromycin,Lovastatin,2
Azithromycin,Mefloquine,6
Azithromycin,Menadione,0
Azithromycin,Methadone,6
Azithromycin,Methylergometrine,1
Azithromycin,Mexiletine,0
Azithromycin,Mirtazapine,0
Azithromycin,Nabumetone,0
Beclomethasonedipropionate,Bendroflumethiazide,16
Beclomethasonedipropionate,Calcitriol,4
Beclomethasonedipropionate,Celecoxib,1
Beclomethasonedipropionate,Diethylstilbestrol,2
Beclomethasonedipropionate,Enoxacin,1
Beclomethasonedipropionate,Indomethacin,1
Beclomethasonedipropionate,Masoprocol,1
Beclomethasonedipropionate,Mefloquine,1
Beclomethasonedipropionate,Nabumetone,1
Bendroflumethiazide,Benzatropine,2
Bendroflumethiazide,Betamethasone,16
Bendroflumethiazide,Betaxolol,7
Bendroflumethiazide,Bortezomib,1
Bendroflumethiazide,Brimonidine,25
Bendroflumethiazide,Bupivacaine,1
Bendroflumethiazide,Calcidiol,50
Bendroflumethiazide,Calcitriol,50
Bendroflumethiazide,Celecoxib,4
Bendroflumethiazide,Chlorpromazine,1
Bendroflumethiazide,Cholecalciferol,50
Bendroflumethiazide,Citalopram,56
Bendroflumethiazide,Clozapine,1
Bendroflumethiazide,Codeine,1
Bendroflumethiazide,Digoxin,1
Bendroflumethiazide,Diltiazem,7
Bendroflumethiazide,Dofetilide,6
Bendroflumethiazide,Duloxetine,17
Bendroflumethiazide,Ergocalciferol,50
Bendroflumethiazide,Ethopropazine,2
Bendroflumethiazide,Flunisolide,16
Bendroflumethiazide,Fluorometholone,16
Bendroflumethiazide,Fluoxetine,56
Bendroflumethiazide,Fluvoxamine,56
Bendroflumethiazide,Glimepiride,4
Bendroflumethiazide,Hydromorphone,1
Bendroflumethiazide,Imipramine,1
Bendroflumethiazide,Indomethacin,4
Bendroflumethiazide,Ipratropiumbromide,2
Bendroflumethiazide,Isradipine,7
Bendroflumethiazide,Masoprocol,4
Bendroflumethiazide,Methadone,1
Bendroflumethiazide,Methylphenidate,9
Bendroflumethiazide,Metoprolol,7
Bendroflumethiazide,Morphine,1
Bendroflumethiazide,Nabilone,1
Bendroflumethiazide,Nabumetone,4
Benzatropine,Betaxolol,0
Benzatropine,Bortezomib,0
Benzatropine,Celecoxib,0
Benzatropine,Chloramphenicol,0
Benzatropine,Chlorpromazine,0
Benzatropine,Cholecalciferol,0
Benzatropine,Citalopram,0
Benzatropine,Clemastine,0
Benzatropine,Clotrimazole,0
Benzatropine,Clozapine,0
Benzatropine,Codeine,1
Benzatropine,Dronabinol,22
Benzatropine,Duloxetine,0
Benzatropine,Ethopropazine,1
Benzatropine,Fluoxetine,0
Benzatropine,Fluvoxamine,0
Benzatropine,Hydromorphone,1
Benzatropine,Imipramine,0
Benzatropine,Ipratropiumbromide,1
Benzatropine,Mefloquine,4
Benzatropine,Methadone,0
Benzatropine,Metoprolol,0
Benzatropine,Morphine,1
Benzatropine,Nabilone,22
Betamethasone,Cabergoline,1
Betamethasone,Calcitriol,4
Betamethasone,Celecoxib,1
Betamethasone,Cerivastatin,2
Betamethasone,Diethylstilbestrol,2
Betamethasone,Dihydroergotamine,1
Betamethasone,Enoxacin,1
Betamethasone,Glimepiride,4
Betamethasone,Indomethacin,1
Betamethasone,Lovastatin,2
Betamethasone,Masoprocol,1
Betamethasone,Mefloquine,1
Betamethasone,Methylergometrine,1
Betamethasone,Nabumetone,1
Betaxolol,Bortezomib,0
Betaxolol,Brimonidine,25
Betaxolol,Bupivacaine,2
Betaxolol,Cabergoline,33
Betaxolol,Caffeine,0
Betaxolol,Carbachol,1
Betaxolol,Celecoxib,0
Betaxolol,Cevimeline,0
Betaxolol,Chlorpromazine,0
Betaxolol,Chlorzoxazone,0
Betaxolol,Cholecalciferol,0
Betaxolol,Citalopram,0
Betaxolol,Clemastine,0
Betaxolol,Clotrimazole,0
Betaxolol,Clozapine,0
Betaxolol,Codeine,4
Betaxolol,Digoxin,13
Betaxolol,Dihydroergotamine,20
Betaxolol,Diltiazem,0
Betaxolol,Disopyramide,13
Betaxolol,Duloxetine,17
Betaxolol,Eletriptan,0
Betaxolol,Etomidate,20
Fluoxetine,Betaxolol,0
Fluvoxamine,Betaxolol,0
Gefitinib,Betaxolol,0
Glimepiride,Betaxolol,10
Hydromorphone,Betaxolol,0
Imipramine,Betaxolol,0
Indomethacin,Betaxolol,9
Ipratropiumbromide,Betaxolol,0
Isradipine,Betaxolol,7
Lidocaine,Betaxolol,2
Loratadine,Betaxolol,0
Masoprocol,Betaxolol,9
Mefloquine,Betaxolol,13
Methadone,Betaxolol,0
Methylergometrine,Betaxolol,33
Methylphenidate,Betaxolol,9
Metoprolol,Betaxolol,2
Mexiletine,Betaxolol,0
Midodrine,Betaxolol,13
Mirtazapine,Betaxolol,0
Morphine,Betaxolol,0
Nabilone,Betaxolol,1
Nabumetone,Betaxolol,9
Bortezomib,Bexarotene,0
Cholecalciferol,Bexarotene,0
Clemastine,Bexarotene,0
Clotrimazole,Bexarotene,0
Clozapine,Bexarotene,1
Cyclosporine,Bexarotene,0
Diethylstilbestrol,Bexarotene,3
Digoxin,Bexarotene,18
Dihydroergotamine,Bexarotene,0
Diltiazem,Bexarotene,0
Doxycycline,Bexarotene,1
Erythromycin,Bexarotene,0
Etonogestrel,Bexarotene,3
Floxuridine,Bexarotene,0
Fluvoxamine,Bexarotene,0
Isradipine,Bexarotene,0
Levonorgestrel,Bexarotene,3
Lovastatin,Bexarotene,0
Bleomycin,Digoxin,18
Bleomycin,Gemcitabine,1
Bortezomib,Brimonidine,1
Bortezomib,Bupivacaine,0
Bortezomib,Cabergoline,1
Bortezomib,Caffeine,0
Bortezomib,Calcitriol,0
Bortezomib,Carisoprodol,0
Bortezomib,Carmustine,0
Bortezomib,Celecoxib,0
Bortezomib,Cerivastatin,2
Bortezomib,Cevimeline,0
Bortezomib,Chloramphenicol,0
Bortezomib,Chlorpromazine,1
Bortezomib,Chlorzoxazone,0
Bortezomib,Cholecalciferol,0
Bortezomib,Citalopram,2
Bortezomib,Clemastine,0
Clotrimazole,Bortezomib,0
Clozapine,Bortezomib,1
Codeine,Bortezomib,0
Cyclosporine,Bortezomib,0
Digoxin,Bortezomib,18
Dihydroergotamine,Bortezomib,1
Diltiazem,Bortezomib,0
Disopyramide,Bortezomib,6
Dofetilide,Bortezomib,2
Doxycycline,Bortezomib,0
Dronabinol,Bortezomib,2
Duloxetine,Bortezomib,17
Eletriptan,Bortezomib,2
Ergocalciferol,Bortezomib,0
Erythromycin,Bortezomib,0
Eszopiclone,Bortezomib,0
Etonogestrel,Bortezomib,0
Bortezomib,Floxuridine,0
Bortezomib,Flunisolide,0
Bortezomib,Fluorometholone,0
Bortezomib,Fluoxetine,0
Bortezomib,Fluvoxamine,0
Bortezomib,Gefitinib,0
Bortezomib,Hydromorphone,0
Imipramine,Bortezomib,0
Indomethacin,Bortezomib,0
Ipratropiumbromide,Bortezomib,0
Isradipine,Bortezomib,0
Lansoprazole,Bortezomib,0
Levonorgestrel,Bortezomib,0
Levothyroxine,Bortezomib,0
Lidocaine,Bortezomib,0
Loratadine,Bortezomib,0
Lovastatin,Bortezomib,2
Mefloquine,Bortezomib,0
Menadione,Bortezomib,0
Meprobamate,Bortezomib,0
Methadone,Bortezomib,0
Methylergometrine,Bortezomib,1
Metoprolol,Bortezomib,2
Mexiletine,Bortezomib,0
Mirtazapine,Bortezomib,0
Montelukast,Bortezomib,0
Morphine,Bortezomib,0
Nabilone,Bortezomib,1
Nabumetone,Bortezomib,0
Bupivacaine,Brimonidine,5
Cabergoline,Brimonidine,23
Carisoprodol,Brimonidine,5
Chlorpromazine,Brimonidine,5
Chlorzoxazone,Brimonidine,5
Citalopram,Brimonidine,1
Clemastine,Brimonidine,5
Clozapine,Brimonidine,5
Codeine,Brimonidine,5
Cyproheptadine,Brimonidine,5
Digoxin,Brimonidine,13
Dihydroergotamine,Brimonidine,23
Diltiazem,Brimonidine,25
Doxylamine,Brimonidine,5
Dronabinol,Brimonidine,5
Duloxetine,Brimonidine,17
Enflurane,Brimonidine,5
Eszopiclone,Brimonidine,5
Etomidate,Brimonidine,5
Fluoxetine,Brimonidine,1
Fluvoxamine,Brimonidine,5
Hydromorphone,Brimonidine,5
Imipramine,Brimonidine,5
Isradipine,Brimonidine,25
Lidocaine,Brimonidine,5
Loratadine,Brimonidine,5
Lorazepam,Brimonidine,5
Meprobamate,Brimonidine,5
Methadone,Brimonidine,5
Methylergometrine,Brimonidine,23
Methylphenidate,Brimonidine,9
Metoprolol,Brimonidine,25
Mirtazapine,Brimonidine,9
Morphine,Brimonidine,5
Nabilone,Brimonidine,5
Caffeine,Bupivacaine,0
Carisoprodol,Bupivacaine,1
Celecoxib,Bupivacaine,0
Chloramphenicol,Bupivacaine,0
Chlorpromazine,Bupivacaine,0
Chlorzoxazone,Bupivacaine,1
Cholecalciferol,Bupivacaine,0
Citalopram,Bupivacaine,0
Clemastine,Bupivacaine,0
Clotrimazole,Bupivacaine,0
Clozapine,Bupivacaine,0
Codeine,Bupivacaine,1
Cyclosporine,Bupivacaine,0
Cyproheptadine,Bupivacaine,1
Dihydroergotamine,Bupivacaine,0
Diltiazem,Bupivacaine,0
Doxycycline,Bupivacaine,0
Doxylamine,Bupivacaine,5
Dronabinol,Bupivacaine,5
Duloxetine,Bupivacaine,17
Enflurane,Bupivacaine,1
Erythromycin,Bupivacaine,0
Eszopiclone,Bupivacaine,1
Etomidate,Bupivacaine,1
Fluoxetine,Bupivacaine,0
Fluvoxamine,Bupivacaine,0
Hydromorphone,Bupivacaine,1
Imipramine,Bupivacaine,0
Isradipine,Bupivacaine,0
Lidocaine,Bupivacaine,0
Loratadine,Bupivacaine,1
Lorazepam,Bupivacaine,1
Lovastatin,Bupivacaine,0
Meprobamate,Bupivacaine,1
Methadone,Bupivacaine,0
Metoprolol,Bupivacaine,2
Mexiletine,Bupivacaine,0
Mirtazapine,Bupivacaine,5
Morphine,Bupivacaine,1
Nabilone,Bupivacaine,5
Caffeine,Cabergoline,1
Cerivastatin,Cabergoline,2
Chloramphenicol,Cabergoline,1
Chlorpromazine,Cabergoline,1
Chlorzoxazone,Cabergoline,1
Citalopram,Cabergoline,1
Clemastine,Cabergoline,1
Clotrimazole,Cabergoline,1
Clozapine,Cabergoline,1
Cyclosporine,Cabergoline,1
Diethylstilbestrol,Cabergoline,1
Digoxin,Cabergoline,18
Dihydroergotamine,Cabergoline,1
Diltiazem,Cabergoline,0
Doxycycline,Cabergoline,1
Duloxetine,Cabergoline,1
Eletriptan,Cabergoline,33
Erythromycin,Cabergoline,1
Fluoxetine,Cabergoline,1
Fluvoxamine,Cabergoline,1
Imipramine,Cabergoline,1
Isradipine,Cabergoline,1
Lansoprazole,Cabergoline,1
Lidocaine,Cabergoline,1
Loratadine,Cabergoline,1
Lovastatin,Cabergoline,2
Mefloquine,Cabergoline,1
Methadone,Cabergoline,1
Methylergometrine,Cabergoline,1
Metoprolol,Cabergoline,33
Midodrine,Cabergoline,32
Mirtazapine,Cabergoline,1
Carmustine,Caffeine,0
Celecoxib,Caffeine,0
Cerivastatin,Caffeine,2
Chlorpromazine,Caffeine,0
Chlorzoxazone,Caffeine,0
Cholecalciferol,Caffeine,0
Citalopram,Caffeine,0
Clemastine,Caffeine,0
Clotrimazole,Caffeine,0
Clozapine,Caffeine,0
Cyclosporine,Caffeine,0
Caffeine,Dihydroergotamine,1
Caffeine,Diltiazem,0
Caffeine,Doxycycline,0
Caffeine,Duloxetine,0
Caffeine,Erythromycin,0
Caffeine,Floxuridine,0
Caffeine,Fluoxetine,0
Caffeine,Fluvoxamine,0
Caffeine,Imipramine,0
Caffeine,Isradipine,0
Caffeine,Lidocaine,0
Caffeine,Lovastatin,2
Caffeine,Menadione,0
Caffeine,Methadone,0
Caffeine,Methylergometrine,1
Caffeine,Metoprolol,0
Caffeine,Mexiletine,0
Caffeine,Mirtazapine,0
Caffeine,Nabumetone,0
Calcidiol,Digoxin,26
Calcidiol,Ergocalciferol,1
Calcitriol,Clemastine,0
Calcitriol,Clotrimazole,0
Calcitriol,Cyclosporine,0
Calcitriol,Dihydroergotamine,0
Calcitriol,Diltiazem,0
Calcitriol,Doxycycline,0
Calcitriol,Erythromycin,0
Calcitriol,Flunisolide,4
Calcitriol,Fluorometholone,4
Calcitriol,Fluvoxamine,0
Calcitriol,Isradipine,0
Calcitriol,Lovastatin,0
Mefloquine,Carbachol,1
Metoprolol,Carbachol,1
Dicoumarol,Carbimazole,35
Digoxin,Carbimazole,2
Carisoprodol,Chloramphenicol,0
Carisoprodol,Chlorpromazine,1
Carisoprodol,Chlorzoxazone,1
Carisoprodol,Cholecalciferol,0
Carisoprodol,Citalopram,0
Carisoprodol,Clemastine,1
Carisoprodol,Clotrimazole,0
Carisoprodol,Clozapine,1
Carisoprodol,Codeine,1
Carisoprodol,Cyproheptadine,1
Carisoprodol,Doxylamine,5
Carisoprodol,Dronabinol,5
Carisoprodol,Duloxetine,1
Carisoprodol,Enflurane,1
Carisoprodol,Eszopiclone,1
Carisoprodol,Etomidate,1
Carisoprodol,Fluoxetine,0
Carisoprodol,Fluvoxamine,0
Carisoprodol,Hydromorphone,1
Carisoprodol,Imipramine,1
Carisoprodol,Lidocaine,1
Carisoprodol,Loratadine,1
Carisoprodol,Lorazepam,1
Carisoprodol,Meprobamate,1
Carisoprodol,Methadone,1
Carisoprodol,Mirtazapine,5
Carisoprodol,Morphine,1
Carisoprodol,Nabilone,5
Carmustine,Citalopram,0
Carmustine,Clotrimazole,0
Carmustine,Clozapine,1
Carmustine,Digoxin,18
Carmustine,Fluvoxamine,0
Carmustine,Lidocaine,0
Carmustine,Mexiletine,0
Celecoxib,Cerivastatin,0
Celecoxib,Cevimeline,0
Celecoxib,Chlorpromazine,0
Celecoxib,Chlorzoxazone,0
Celecoxib,Cholecalciferol,0
Celecoxib,Citalopram,37
Celecoxib,Clemastine,0
Celecoxib,Clotrimazole,0
Celecoxib,Clozapine,0
Celecoxib,Codeine,4
Celecoxib,Cyclosporine,31
Celecoxib,Desmopressin,1
Celecoxib,Dicoumarol,11
Celecoxib,Diethylstilbestrol,44
Celecoxib,Digoxin,2
Celecoxib,Dihydroergotamine,0
Celecoxib,Diltiazem,0
Celecoxib,Doxycycline,0
Celecoxib,Duloxetine,37
Celecoxib,Eletriptan,0
Celecoxib,Enoxacin,34
Celecoxib,Epirubicin,19
Celecoxib,Erythromycin,0
Celecoxib,Eszopiclone,0
Floxuridine,Celecoxib,0
Flunisolide,Celecoxib,1
Fluorometholone,Celecoxib,1
Fluoxetine,Celecoxib,37
Fluvoxamine,Celecoxib,37
Folicacid,Celecoxib,4
Gefitinib,Celecoxib,0
Hydromorphone,Celecoxib,0
Imipramine,Celecoxib,0
Indomethacin,Celecoxib,1
Ipratropiumbromide,Celecoxib,0
Isradipine,Celecoxib,0
Lansoprazole,Celecoxib,0
Lidocaine,Celecoxib,0
Loratadine,Celecoxib,0
Lovastatin,Celecoxib,0
Masoprocol,Celecoxib,1
Methadone,Celecoxib,0
Methylphenidate,Celecoxib,0
Metoprolol,Celecoxib,2
Mexiletine,Celecoxib,0
Mirtazapine,Celecoxib,0
Morphine,Celecoxib,0
Nabumetone,Celecoxib,1
Chloramphenicol,Cerivastatin,2
Chlorzoxazone,Cerivastatin,2
Clemastine,Cerivastatin,2
Clotrimazole,Cerivastatin,2
Clozapine,Cerivastatin,2
Cyclosporine,Cerivastatin,2
Diethylstilbestrol,Cerivastatin,2
Dihydroergotamine,Cerivastatin,2
Diltiazem,Cerivastatin,2
Doxycycline,Cerivastatin,2
Erythromycin,Cerivastatin,2
Cerivastatin,Fluoxetine,2
Cerivastatin,Fluvoxamine,2
Cerivastatin,Isradipine,2
Cerivastatin,Lansoprazole,2
Cerivastatin,Lidocaine,2
Cerivastatin,Loratadine,2
Cerivastatin,Lovastatin,2
Cerivastatin,Mefloquine,2
Cerivastatin,Methadone,2
Cerivastatin,Methylergometrine,2
Cerivastatin,Metoprolol,2
Cerivastatin,Mirtazapine,2
Cevimeline,Chlorpromazine,0
Cevimeline,Cholecalciferol,0
Cevimeline,Citalopram,0
Cevimeline,Clemastine,0
Cevimeline,Clotrimazole,0
Cevimeline,Clozapine,0
Cevimeline,Cyclosporine,0
Cevimeline,Dihydroergotamine,0
Cevimeline,Diltiazem,0
Cevimeline,Doxycycline,0
Cevimeline,Duloxetine,0
Cevimeline,Erythromycin,0
Cevimeline,Fluoxetine,0
Cevimeline,Fluvoxamine,0
Cevimeline,Imipramine,0
Cevimeline,Isradipine,0
Cevimeline,Lovastatin,0
Cevimeline,Mefloquine,1
Cevimeline,Methadone,0
Cevimeline,Metoprolol,0
Chloramphenicol,Cholecalciferol,0
Chloramphenicol,Citalopram,2
Clotrimazole,Chloramphenicol,0
Clozapine,Chloramphenicol,1
Cyanocobalamin,Chloramphenicol,4
Cyclosporine,Chloramphenicol,2
Dicoumarol,Chloramphenicol,11
Dihydroergotamine,Chloramphenicol,1
Diltiazem,Chloramphenicol,0
Dronabinol,Chloramphenicol,0
Eletriptan,Chloramphenicol,0
Fluoxetine,Chloramphenicol,0
Fluvoxamine,Chloramphenicol,0
Glimepiride,Chloramphenicol,0
Imipramine,Chloramphenicol,0
Indomethacin,Chloramphenicol,0
Lansoprazole,Chloramphenicol,0
Lovastatin,Chloramphenicol,2
Meprobamate,Chloramphenicol,0
Methadone,Chloramphenicol,0
Methylergometrine,Chloramphenicol,1
Metoprolol,Chloramphenicol,0
Chlorpromazine,Chlorzoxazone,0
Chlorpromazine,Cholecalciferol,0
Chlorpromazine,Citalopram,6
Chlorpromazine,Clemastine,0
Chlorpromazine,Clotrimazole,0
Chlorpromazine,Clozapine,6
Chlorpromazine,Codeine,4
Chlorpromazine,Cyclosporine,0
Chlorpromazine,Cyproheptadine,1
Desmopressin,Chlorpromazine,1
Dihydroergotamine,Chlorpromazine,0
Diltiazem,Chlorpromazine,0
Disopyramide,Chlorpromazine,6
Dofetilide,Chlorpromazine,6
Doxycycline,Chlorpromazine,2
Doxylamine,Chlorpromazine,5
Dronabinol,Chlorpromazine,5
Duloxetine,Chlorpromazine,17
Eletriptan,Chlorpromazine,0
Enflurane,Chlorpromazine,1
Erythromycin,Chlorpromazine,6
Eszopiclone,Chlorpromazine,1
Etomidate,Chlorpromazine,1
Chlorpromazine,Fluoxetine,6
Chlorpromazine,Fluvoxamine,0
Chlorpromazine,Gefitinib,0
Chlorpromazine,Hydromorphone,0
Chlorpromazine,Imipramine,1
Chlorpromazine,Ipratropiumbromide,0
Chlorpromazine,Isradipine,0
Chlorpromazine,Lidocaine,0
Chlorpromazine,Loratadine,0
Chlorpromazine,Lorazepam,1
Chlorpromazine,Lovastatin,0
Chlorpromazine,Mefloquine,2
Chlorpromazine,Meprobamate,1
Chlorpromazine,Methadone,6
Chlorpromazine,Methylphenidate,1
Chlorpromazine,Metoprolol,2
Chlorpromazine,Mexiletine,0
Chlorpromazine,Mirtazapine,5
Chlorpromazine,Morphine,1
Chlorpromazine,Nabilone,5
Cholecalciferol,Chlorzoxazone,0
Citalopram,Chlorzoxazone,0
Clemastine,Chlorzoxazone,0
Clotrimazole,Chlorzoxazone,0
Clozapine,Chlorzoxazone,0
Codeine,Chlorzoxazone,1
Cyclosporine,Chlorzoxazone,0
Cyproheptadine,Chlorzoxazone,1
Dihydroergotamine,Chlorzoxazone,1
Diltiazem,Chlorzoxazone,0
Doxycycline,Chlorzoxazone,0
Doxylamine,Chlorzoxazone,5
Dronabinol,Chlorzoxazone,5
Duloxetine,Chlorzoxazone,0
Enflurane,Chlorzoxazone,1
Erythromycin,Chlorzoxazone,0
Eszopiclone,Chlorzoxazone,1
Etomidate,Chlorzoxazone,1
Fluoxetine,Chlorzoxazone,0
Fluvoxamine,Chlorzoxazone,0
Hydromorphone,Chlorzoxazone,1
Imipramine,Chlorzoxazone,0
Isradipine,Chlorzoxazone,0
Lidocaine,Chlorzoxazone,0
Loratadine,Chlorzoxazone,1
Lorazepam,Chlorzoxazone,1
Lovastatin,Chlorzoxazone,2
Meprobamate,Chlorzoxazone,1
Methadone,Chlorzoxazone,0
Methylergometrine,Chlorzoxazone,1
Metoprolol,Chlorzoxazone,0
Mexiletine,Chlorzoxazone,0
Mirtazapine,Chlorzoxazone,5
Morphine,Chlorzoxazone,1
Nabilone,Chlorzoxazone,5
Citalopram,Cholecalciferol,2
Clemastine,Cholecalciferol,0
Cholecalciferol,Clotrimazole,0
Cholecalciferol,Clozapine,0
Cholecalciferol,Codeine,4
Cholecalciferol,Cyclosporine,0
Cholecalciferol,Dicoumarol,0
Cholecalciferol,Dihydroergotamine,0
Cholecalciferol,Diltiazem,0
Cholecalciferol,Doxycycline,0
Cholecalciferol,Dronabinol,2
Cholecalciferol,Duloxetine,0
Cholecalciferol,Eletriptan,0
Cholecalciferol,Erythromycin,0
Cholecalciferol,Eszopiclone,0
Fluoxetine,Cholecalciferol,0
Fluvoxamine,Cholecalciferol,0
Gefitinib,Cholecalciferol,0
Glimepiride,Cholecalciferol,0
Hydromorphone,Cholecalciferol,0
Imipramine,Cholecalciferol,0
Indomethacin,Cholecalciferol,0
Ipratropiumbromide,Cholecalciferol,0
Isradipine,Cholecalciferol,0
Lansoprazole,Cholecalciferol,0
Lidocaine,Cholecalciferol,0
Loratadine,Cholecalciferol,0
Lovastatin,Cholecalciferol,0
Meprobamate,Cholecalciferol,0
Methadone,Cholecalciferol,0
Methylphenidate,Cholecalciferol,0
Metoprolol,Cholecalciferol,2
Mexiletine,Cholecalciferol,0
Mirtazapine,Cholecalciferol,0
Montelukast,Cholecalciferol,0
Morphine,Cholecalciferol,0
Citalopram,Clemastine,0
Clotrimazole,Citalopram,2
Clozapine,Citalopram,2
Codeine,Citalopram,4
Cyclosporine,Citalopram,0
Cyproheptadine,Citalopram,4
Citalopram,Desmopressin,1
Citalopram,Dicoumarol,11
Citalopram,Dihydroergotamine,1
Citalopram,Diltiazem,0
Citalopram,Disopyramide,24
Citalopram,Dofetilide,24
Citalopram,Doxycycline,0
Citalopram,Doxylamine,1
Citalopram,Dronabinol,0
Citalopram,Duloxetine,14
Citalopram,Eletriptan,1
Citalopram,Enflurane,1
Citalopram,Erythromycin,6
Citalopram,Eszopiclone,1
Citalopram,Etomidate,1
Fluoxetine,Citalopram,2
Fluvoxamine,Citalopram,2
Gefitinib,Citalopram,0
Glimepiride,Citalopram,10
Hydromorphone,Citalopram,0
Imipramine,Citalopram,1
Indomethacin,Citalopram,0
Ipratropiumbromide,Citalopram,0
Isradipine,Citalopram,6
Ltryptophan,Citalopram,14
Lansoprazole,Citalopram,0
Levothyroxine,Citalopram,4
Lidocaine,Citalopram,0
Loratadine,Citalopram,0
Lorazepam,Citalopram,1
Lovastatin,Citalopram,0
Mefloquine,Citalopram,6
Menadione,Citalopram,0
Meprobamate,Citalopram,0
Methadone,Citalopram,0
Methylphenidate,Citalopram,0
Metoprolol,Citalopram,2
Mexiletine,Citalopram,0
Mirtazapine,Citalopram,1
Morphine,Citalopram,0
Nabilone,Citalopram,1
Nabumetone,Citalopram,37
Clozapine,Cladribine,1
Digoxin,Cladribine,18
Clemastine,Clozapine,0
Clemastine,Codeine,4
Clemastine,Cyclosporine,0
Clemastine,Cyproheptadine,1
Clemastine,Digoxin,0
Clemastine,Dihydroergotamine,1
Clemastine,Diltiazem,0
Clemastine,Disopyramide,0
Clemastine,Dofetilide,2
Clemastine,Doxylamine,5
Clemastine,Dronabinol,2
Clemastine,Duloxetine,0
Clemastine,Eletriptan,2
Clemastine,Enflurane,1
Clemastine,Ergocalciferol,0
Clemastine,Erythromycin,0
Clemastine,Eszopiclone,0
Clemastine,Etomidate,1
Clemastine,Etonogestrel,0
Flunisolide,Clemastine,0
Fluorometholone,Clemastine,0
Fluoxetine,Clemastine,0
Fluvoxamine,Clemastine,0
Gefitinib,Clemastine,0
Hydromorphone,Clemastine,0
Clemastine,Imipramine,0
Clemastine,Ipratropiumbromide,0
Clemastine,Isradipine,0
Clemastine,Lansoprazole,0
Clemastine,Levonorgestrel,0
Clemastine,Levothyroxine,0
Clemastine,Lidocaine,0
Clemastine,Loratadine,0
Clemastine,Lorazepam,1
Clemastine,Lovastatin,2
Clemastine,Mefloquine,0
Clemastine,Meprobamate,1
Clemastine,Methadone,0
Clemastine,Methylergometrine,1
Clemastine,Methylphenidate,0
Clemastine,Metoprolol,2
Clemastine,Mexiletine,0
Clemastine,Mirtazapine,5
Clemastine,Montelukast,0
Clemastine,Morphine,0
Clemastine,Nabilone,5
Clozapine,Clotrimazole,0
Codeine,Clotrimazole,4
Cyclosporine,Clotrimazole,0
Dicoumarol,Clotrimazole,0
Digoxin,Clotrimazole,0
Dihydroergotamine,Clotrimazole,1
Diltiazem,Clotrimazole,0
Disopyramide,Clotrimazole,0
Dofetilide,Clotrimazole,2
Dronabinol,Clotrimazole,2
Duloxetine,Clotrimazole,0
Eletriptan,Clotrimazole,2
Enflurane,Clotrimazole,0
Ergocalciferol,Clotrimazole,0
Erythromycin,Clotrimazole,0
Eszopiclone,Clotrimazole,0
Etonogestrel,Clotrimazole,0
Clotrimazole,Flunisolide,0
Clotrimazole,Fluorometholone,0
Clotrimazole,Fluoxetine,0
Clotrimazole,Fluvoxamine,0
Clotrimazole,Folicacid,0
Clotrimazole,Gefitinib,0
Clotrimazole,Glimepiride,0
Clotrimazole,Hydromorphone,0
Imipramine,Clotrimazole,0
Indomethacin,Clotrimazole,0
Ipratropiumbromide,Clotrimazole,0
Isradipine,Clotrimazole,0
Lansoprazole,Clotrimazole,0
Levonorgestrel,Clotrimazole,0
Levothyroxine,Clotrimazole,0
Lidocaine,Clotrimazole,0
Loratadine,Clotrimazole,0
Lovastatin,Clotrimazole,2
Mefloquine,Clotrimazole,0
Menadione,Clotrimazole,0
Meprobamate,Clotrimazole,0
Methadone,Clotrimazole,0
Methylergometrine,Clotrimazole,1
Methylphenidate,Clotrimazole,0
Metoprolol,Clotrimazole,2
Mexiletine,Clotrimazole,0
Mirtazapine,Clotrimazole,0
Montelukast,Clotrimazole,0
Morphine,Clotrimazole,0
Nabumetone,Clotrimazole,0
Codeine,Clozapine,4
Cyclosporine,Clozapine,0
Cyproheptadine,Clozapine,1
Dihydroergotamine,Clozapine,1
Diltiazem,Clozapine,0
Disopyramide,Clozapine,6
Dofetilide,Clozapine,6
Doxycycline,Clozapine,0
Doxylamine,Clozapine,5
Dronabinol,Clozapine,5
Duloxetine,Clozapine,2
Eletriptan,Clozapine,0
Enflurane,Clozapine,1
Epirubicin,Clozapine,1
Erythromycin,Clozapine,0
Eszopiclone,Clozapine,1
Etomidate,Clozapine,1
Clozapine,Floxuridine,1
Clozapine,Fluoxetine,2
Clozapine,Fluvoxamine,2
Clozapine,Gefitinib,0
Clozapine,Gemcitabine,1
Clozapine,Glimepiride,4
Clozapine,Hydromorphone,0
Clozapine,Imipramine,1
Clozapine,Ipratropiumbromide,0
Clozapine,Isradipine,0
Clozapine,Lidocaine,0
Clozapine,Loratadine,0
Clozapine,Lorazepam,1
Clozapine,Lovastatin,2
Clozapine,Mefloquine,6
Clozapine,Meprobamate,1
Clozapine,Methadone,6
Clozapine,Methylergometrine,1
Clozapine,Methylphenidate,1
Clozapine,Metoprolol,2
Clozapine,Mexiletine,2
Clozapine,Mirtazapine,5
Clozapine,Morphine,1
Clozapine,Nabilone,5
Codeine,Cyclosporine,0
Codeine,Cyproheptadine,1
Codeine,Desmopressin,1
Codeine,Dihydroergotamine,0
Codeine,Diltiazem,0
Codeine,Doxycycline,0
Codeine,Doxylamine,5
Codeine,Dronabinol,5
Codeine,Duloxetine,4
Codeine,Enflurane,1
Codeine,Erythromycin,0
Codeine,Eszopiclone,1
Codeine,Ethopropazine,1
Codeine,Etomidate,1
Fluoxetine,Codeine,4
Fluvoxamine,Codeine,4
Hydromorphone,Codeine,1
Imipramine,Codeine,4
Ipratropiumbromide,Codeine,1
Isradipine,Codeine,0
Lidocaine,Codeine,1
Loratadine,Codeine,1
Lorazepam,Codeine,1
Lovastatin,Codeine,0
Meprobamate,Codeine,1
Methadone,Codeine,4
Metoprolol,Codeine,2
Mirtazapine,Codeine,5
Morphine,Codeine,1
Nabilone,Codeine,5
Dicoumarol,Cyclosporine,0
Digoxin,Cyclosporine,2
Dihydroergotamine,Cyclosporine,1
Diltiazem,Cyclosporine,0
Disopyramide,Cyclosporine,0
Dofetilide,Cyclosporine,2
Doxycycline,Cyclosporine,0
Dronabinol,Cyclosporine,2
Eletriptan,Cyclosporine,2
Epirubicin,Cyclosporine,31
Ergocalciferol,Cyclosporine,0
Erythromycin,Cyclosporine,0
Eszopiclone,Cyclosporine,0
Etonogestrel,Cyclosporine,0
Cyclosporine,Flunisolide,0
Cyclosporine,Fluorometholone,0
Cyclosporine,Fluoxetine,0
Cyclosporine,Fluvoxamine,0
Cyclosporine,Gefitinib,0
Cyclosporine,Glimepiride,0
Cyclosporine,Griseofulvin,3
Cyclosporine,Hydromorphone,0
Imipramine,Cyclosporine,0
Indomethacin,Cyclosporine,31
Ipratropiumbromide,Cyclosporine,0
Isradipine,Cyclosporine,0
Lansoprazole,Cyclosporine,0
Levonorgestrel,Cyclosporine,0
Levothyroxine,Cyclosporine,0
Lidocaine,Cyclosporine,0
Loratadine,Cyclosporine,0
Lovastatin,Cyclosporine,2
Masoprocol,Cyclosporine,31
Mefloquine,Cyclosporine,0
Methadone,Cyclosporine,0
Methylergometrine,Cyclosporine,1
Metoprolol,Cyclosporine,2
Mexiletine,Cyclosporine,0
Mirtazapine,Cyclosporine,0
Montelukast,Cyclosporine,0
Morphine,Cyclosporine,0
Nabumetone,Cyclosporine,31
Doxylamine,Cyproheptadine,5
Dronabinol,Cyproheptadine,5
Duloxetine,Cyproheptadine,4
Enflurane,Cyproheptadine,1
Eszopiclone,Cyproheptadine,1
Etomidate,Cyproheptadine,1
Fluoxetine,Cyproheptadine,4
Fluvoxamine,Cyproheptadine,4
Hydromorphone,Cyproheptadine,1
Imipramine,Cyproheptadine,1
Lidocaine,Cyproheptadine,1
Loratadine,Cyproheptadine,1
Lorazepam,Cyproheptadine,1
Meprobamate,Cyproheptadine,1
Methadone,Cyproheptadine,1
Mirtazapine,Cyproheptadine,5
Morphine,Cyproheptadine,1
Nabilone,Cyproheptadine,5
Duloxetine,Desmopressin,1
Fluoxetine,Desmopressin,1
Fluvoxamine,Desmopressin,1
Hydromorphone,Desmopressin,1
Imipramine,Desmopressin,1
Indomethacin,Desmopressin,1
Masoprocol,Desmopressin,1
Methadone,Desmopressin,1
Mirtazapine,Desmopressin,1
Morphine,Desmopressin,1
Nabumetone,Desmopressin,1
Dicoumarol,Diethylstilbestrol,35
Dicoumarol,Doxycycline,11
Dicoumarol,Duloxetine,11
Dicoumarol,Enoxacin,11
Dicoumarol,Erythromycin,2
Dicoumarol,Etonogestrel,35
Dicoumarol,Floxuridine,0
Dicoumarol,Fluoxetine,11
Dicoumarol,Fluvoxamine,0
Dicoumarol,Gefitinib,11
Dicoumarol,Glimepiride,11
Dicoumarol,Griseofulvin,3
Dicoumarol,Imipramine,11
Dicoumarol,Indomethacin,11
Dicoumarol,Lansoprazole,2
Dicoumarol,Levonorgestrel,35
Dicoumarol,Levothyroxine,11
Dicoumarol,Lovastatin,0
Dicoumarol,Masoprocol,11
Dicoumarol,Methylphenidate,2
Dicoumarol,Mirtazapine,11
Dicoumarol,Nabumetone,11
Diethylstilbestrol,Digoxin,18
Diethylstilbestrol,Dihydroergotamine,1
Diethylstilbestrol,Flunisolide,2
Diethylstilbestrol,Fluorometholone,2
Diethylstilbestrol,Griseofulvin,8
Diethylstilbestrol,Levothyroxine,4
Diethylstilbestrol,Lovastatin,2
Diethylstilbestrol,Methylergometrine,1
Diethylstilbestrol,Nabumetone,44
Digoxin,Dihydroergotamine,0
Digoxin,Diltiazem,0
Digoxin,Doxycycline,0
Digoxin,Enoxacin,18
Digoxin,Epirubicin,18
Digoxin,Ergocalciferol,26
Digoxin,Erythromycin,0
Digoxin,Floxuridine,18
Digoxin,Fluvoxamine,0
Digoxin,Gefitinib,18
Digoxin,Gemcitabine,18
Digoxin,Indomethacin,2
Digoxin,Isradipine,0
Digoxin,Lovastatin,0
Digoxin,Masoprocol,2
Digoxin,Metoprolol,13
Digoxin,Midodrine,13
Digoxin,Nabumetone,2
Dihydroergotamine,Diltiazem,0
Dihydroergotamine,Disopyramide,0
Dihydroergotamine,Dofetilide,2
Dihydroergotamine,Doxycycline,1
Dihydroergotamine,Dronabinol,2
Dihydroergotamine,Duloxetine,1
Dihydroergotamine,Eletriptan,2
Dihydroergotamine,Ergocalciferol,0
Dihydroergotamine,Erythromycin,1
Dihydroergotamine,Eszopiclone,0
Dihydroergotamine,Etonogestrel,0
Dihydroergotamine,Flunisolide,0
Dihydroergotamine,Fluorometholone,0
Dihydroergotamine,Fluoxetine,1
Dihydroergotamine,Fluvoxamine,1
Dihydroergotamine,Gefitinib,0
Dihydroergotamine,Hydromorphone,0
Imipramine,Dihydroergotamine,9
Ipratropiumbromide,Dihydroergotamine,0
Isradipine,Dihydroergotamine,1
Ltryptophan,Dihydroergotamine,14
Lansoprazole,Dihydroergotamine,1
Levonorgestrel,Dihydroergotamine,0
Levothyroxine,Dihydroergotamine,0
Lidocaine,Dihydroergotamine,1
Loratadine,Dihydroergotamine,1
Lovastatin,Dihydroergotamine,2
Mefloquine,Dihydroergotamine,1
Methadone,Dihydroergotamine,1
Methylergometrine,Dihydroergotamine,1
Metoprolol,Dihydroergotamine,20
Mexiletine,Dihydroergotamine,0
Midodrine,Dihydroergotamine,32
Mirtazapine,Dihydroergotamine,9
Montelukast,Dihydroergotamine,0
Morphine,Dihydroergotamine,0
Disopyramide,Diltiazem,0
Dofetilide,Diltiazem,2
Doxycycline,Diltiazem,0
Dronabinol,Diltiazem,2
Duloxetine,Diltiazem,17
Eletriptan,Diltiazem,2
Ergocalciferol,Diltiazem,0
Erythromycin,Diltiazem,0
Eszopiclone,Diltiazem,0
Etonogestrel,Diltiazem,0
Diltiazem,Floxuridine,0
Diltiazem,Flunisolide,0
Diltiazem,Fluorometholone,0
Diltiazem,Fluoxetine,0
Diltiazem,Fluvoxamine,0
Diltiazem,Gefitinib,0
Diltiazem,Griseofulvin,15
Diltiazem,Hydromorphone,0
Imipramine,Diltiazem,0
Ipratropiumbromide,Diltiazem,0
Isradipine,Diltiazem,0
Lansoprazole,Diltiazem,0
Levonorgestrel,Diltiazem,0
Levothyroxine,Diltiazem,0
Lidocaine,Diltiazem,0
Loratadine,Diltiazem,0
Lovastatin,Diltiazem,2
Mefloquine,Diltiazem,0
Methadone,Diltiazem,0
Methylphenidate,Diltiazem,9
Metoprolol,Diltiazem,2
Mexiletine,Diltiazem,0
Midodrine,Diltiazem,13
Mirtazapine,Diltiazem,0
Montelukast,Diltiazem,0
Morphine,Diltiazem,0
Nabilone,Diltiazem,1
Disopyramide,Dofetilide,24
Disopyramide,Doxycycline,0
Disopyramide,Duloxetine,10
Disopyramide,Enoxacin,10
Disopyramide,Erythromycin,6
Disopyramide,Fluoxetine,24
Disopyramide,Fluvoxamine,0
Disopyramide,Glimepiride,10
Disopyramide,Imipramine,6
Disopyramide,Isradipine,6
Disopyramide,Lidocaine,26
Disopyramide,Lovastatin,0
Disopyramide,Mefloquine,6
Disopyramide,Methadone,6
Disopyramide,Metoprolol,13
Disopyramide,Mirtazapine,6
Doxycycline,Dofetilide,2
Erythromycin,Dofetilide,2
Fluoxetine,Dofetilide,24
Fluvoxamine,Dofetilide,2
Griseofulvin,Dofetilide,2
Imipramine,Dofetilide,6
Isradipine,Dofetilide,2
Lidocaine,Dofetilide,26
Lovastatin,Dofetilide,2
Mefloquine,Dofetilide,6
Methadone,Dofetilide,6
Mirtazapine,Dofetilide,6
Dronabinol,Doxycycline,2
Eletriptan,Doxycycline,2
Ergocalciferol,Doxycycline,0
Erythromycin,Doxycycline,0
Eszopiclone,Doxycycline,0
Etonogestrel,Doxycycline,0
Flunisolide,Doxycycline,0
Fluorometholone,Doxycycline,0
Fluoxetine,Doxycycline,0
Gefitinib,Doxycycline,0
Hydromorphone,Doxycycline,0
Doxycycline,Imipramine,0
Doxycycline,Ipratropiumbromide,0
Doxycycline,Isradipine,0
Doxycycline,Lansoprazole,0
Doxycycline,Levonorgestrel,0
Doxycycline,Levothyroxine,0
Doxycycline,Lidocaine,0
Doxycycline,Loratadine,0
Doxycycline,Lovastatin,2
Doxycycline,Mefloquine,0
Doxycycline,Methadone,0
Doxycycline,Methylergometrine,1
Doxycycline,Mexiletine,0
Doxycycline,Mirtazapine,0
Doxycycline,Montelukast,0
Doxycycline,Morphine,0
Doxylamine,Dronabinol,5
Doxylamine,Duloxetine,1
Doxylamine,Enflurane,5
Doxylamine,Eszopiclone,5
Doxylamine,Etomidate,5
Doxylamine,Fluoxetine,1
Doxylamine,Fluvoxamine,5
Doxylamine,Hydromorphone,5
Doxylamine,Imipramine,5
Doxylamine,Lidocaine,5
Doxylamine,Loratadine,5
Doxylamine,Lorazepam,5
Doxylamine,Meprobamate,5
Doxylamine,Methadone,5
Doxylamine,Mirtazapine,5
Doxylamine,Morphine,5
Doxylamine,Nabilone,5
Dronabinol,Enflurane,5
Dronabinol,Erythromycin,2
Dronabinol,Eszopiclone,5
Dronabinol,Ethopropazine,22
Dronabinol,Etomidate,5
Dronabinol,Floxuridine,2
Dronabinol,Fluoxetine,0
Dronabinol,Fluvoxamine,5
Dronabinol,Hydromorphone,5
Dronabinol,Imipramine,5
Dronabinol,Ipratropiumbromide,22
Dronabinol,Isradipine,2
Dronabinol,Lidocaine,5
Dronabinol,Loratadine,5
Dronabinol,Lorazepam,5
Dronabinol,Lovastatin,2
Dronabinol,Meprobamate,5
Dronabinol,Methadone,5
Dronabinol,Midodrine,22
Dronabinol,Mirtazapine,5
Dronabinol,Morphine,5
Dronabinol,Nabilone,5
Duloxetine,Eletriptan,1
Duloxetine,Enflurane,1
Duloxetine,Eszopiclone,1
Duloxetine,Etomidate,1
Fluoxetine,Duloxetine,2
Fluvoxamine,Duloxetine,2
Gefitinib,Duloxetine,0
Glimepiride,Duloxetine,10
Hydromorphone,Duloxetine,0
Imipramine,Duloxetine,14
Ipratropiumbromide,Duloxetine,0
Isradipine,Duloxetine,17
Ltryptophan,Duloxetine,14
Levothyroxine,Duloxetine,4
Lidocaine,Duloxetine,0
Loratadine,Duloxetine,0
Lorazepam,Duloxetine,1
Meprobamate,Duloxetine,1
Methadone,Duloxetine,0
Methylphenidate,Duloxetine,0
Metoprolol,Duloxetine,2
Mexiletine,Duloxetine,2
Midodrine,Duloxetine,22
Mirtazapine,Duloxetine,14
Morphine,Duloxetine,17
Nabilone,Duloxetine,17
Nabumetone,Duloxetine,37
Erythromycin,Eletriptan,2
Floxuridine,Eletriptan,0
Fluoxetine,Eletriptan,0
Fluvoxamine,Eletriptan,2
Imipramine,Eletriptan,1
Isradipine,Eletriptan,2
Ltryptophan,Eletriptan,14
Lovastatin,Eletriptan,2
Methadone,Eletriptan,1
Methylergometrine,Eletriptan,33
Metoprolol,Eletriptan,0
Mirtazapine,Eletriptan,1
Eszopiclone,Enflurane,1
Etomidate,Enflurane,1
Fluoxetine,Enflurane,1
Fluvoxamine,Enflurane,1
Hydromorphone,Enflurane,1
Imipramine,Enflurane,1
Lidocaine,Enflurane,1
Loratadine,Enflurane,1
Lorazepam,Enflurane,1
Meprobamate,Enflurane,1
Methadone,Enflurane,1
Methylphenidate,Enflurane,32
Mirtazapine,Enflurane,5
Morphine,Enflurane,1
Nabilone,Enflurane,5
Flunisolide,Enoxacin,1
Fluorometholone,Enoxacin,1
Glimepiride,Enoxacin,10
Indomethacin,Enoxacin,34
Masoprocol,Enoxacin,34
Nabumetone,Enoxacin,34
Indomethacin,Epirubicin,19
Masoprocol,Epirubicin,19
Nabumetone,Epirubicin,19
Erythromycin,Ergocalciferol,0
Fluvoxamine,Ergocalciferol,0
Isradipine,Ergocalciferol,0
Lovastatin,Ergocalciferol,0
Eszopiclone,Erythromycin,0
Etonogestrel,Erythromycin,0
Flunisolide,Erythromycin,0
Fluorometholone,Erythromycin,0
Fluoxetine,Erythromycin,6
Fluvoxamine,Erythromycin,0
Gefitinib,Erythromycin,0
Hydromorphone,Erythromycin,0
Erythromycin,Imipramine,0
Erythromycin,Ipratropiumbromide,0
Erythromycin,Isradipine,6
Erythromycin,Lansoprazole,0
Erythromycin,Levonorgestrel,0
Erythromycin,Levothyroxine,0
Erythromycin,Lidocaine,0
Erythromycin,Loratadine,0
Erythromycin,Lovastatin,2
Erythromycin,Mefloquine,0
Erythromycin,Methadone,6
Erythromycin,Methylergometrine,1
Erythromycin,Mexiletine,0
Erythromycin,Mirtazapine,0
Erythromycin,Montelukast,0
Erythromycin,Morphine,0
Etomidate,Eszopiclone,1
Floxuridine,Eszopiclone,0
Fluoxetine,Eszopiclone,1
Fluvoxamine,Eszopiclone,0
Hydromorphone,Eszopiclone,1
Imipramine,Eszopiclone,1
Isradipine,Eszopiclone,0
Lidocaine,Eszopiclone,1
Loratadine,Eszopiclone,1
Lorazepam,Eszopiclone,1
Lovastatin,Eszopiclone,0
Meprobamate,Eszopiclone,1
Methadone,Eszopiclone,1
Mirtazapine,Eszopiclone,5
Morphine,Eszopiclone,1
Nabilone,Eszopiclone,5
Hydromorphone,Ethopropazine,1
Ipratropiumbromide,Ethopropazine,1
Mefloquine,Ethopropazine,4
Methadone,Ethopropazine,1
Morphine,Ethopropazine,1
Nabilone,Ethopropazine,22
Fluoxetine,Etomidate,1
Fluvoxamine,Etomidate,1
Hydromorphone,Etomidate,1
Imipramine,Etomidate,9
Lidocaine,Etomidate,1
Loratadine,Etomidate,1
Lorazepam,Etomidate,1
Meprobamate,Etomidate,1
Methadone,Etomidate,1
Metoprolol,Etomidate,20
Mirtazapine,Etomidate,9
Morphine,Etomidate,1
Nabilone,Etomidate,5
Fluvoxamine,Etonogestrel,0
Glimepiride,Etonogestrel,4
Griseofulvin,Etonogestrel,3
Isradipine,Etonogestrel,0
Lovastatin,Etonogestrel,0
Floxuridine,Fluoxetine,0
Floxuridine,Glimepiride,0
Floxuridine,Hydromorphone,0
Floxuridine,Indomethacin,0
Floxuridine,Lansoprazole,0
Floxuridine,Lidocaine,0
Floxuridine,Loratadine,0
Floxuridine,Methadone,0
Floxuridine,Mirtazapine,0
Floxuridine,Montelukast,0
Flunisolide,Fluvoxamine,0
Flunisolide,Indomethacin,1
Flunisolide,Isradipine,0
Flunisolide,Lovastatin,0
Flunisolide,Masoprocol,1
Flunisolide,Mefloquine,1
Flunisolide,Nabumetone,1
Fluorometholone,Fluvoxamine,0
Fluorometholone,Indomethacin,1
Fluorometholone,Isradipine,0
Fluorometholone,Lovastatin,0
Fluorometholone,Masoprocol,1
Fluorometholone,Mefloquine,1
Fluorometholone,Nabumetone,1
Fluoxetine,Fluvoxamine,0
Fluoxetine,Gefitinib,0
Fluoxetine,Glimepiride,10
Hydromorphone,Fluoxetine,0
Fluoxetine,Imipramine,1
Fluoxetine,Indomethacin,0
Fluoxetine,Ipratropiumbromide,0
Fluoxetine,Isradipine,6
Fluoxetine,Ltryptophan,14
Fluoxetine,Lansoprazole,0
Fluoxetine,Levothyroxine,4
Fluoxetine,Lidocaine,0
Fluoxetine,Loratadine,0
Fluoxetine,Lorazepam,1
Fluoxetine,Lovastatin,2
Fluoxetine,Mefloquine,6
Fluoxetine,Meprobamate,0
Fluoxetine,Methadone,0
Fluoxetine,Methylergometrine,1
Fluoxetine,Methylphenidate,0
Fluoxetine,Metoprolol,2
Fluoxetine,Mexiletine,0
Fluoxetine,Mirtazapine,1
Fluoxetine,Morphine,0
Fluoxetine,Nabilone,1
Fluoxetine,Nabumetone,37
Fluvoxamine,Gefitinib,0
Fluvoxamine,Glimepiride,0
Fluvoxamine,Hydromorphone,0
Imipramine,Fluvoxamine,1
Indomethacin,Fluvoxamine,0
Ipratropiumbromide,Fluvoxamine,0
Isradipine,Fluvoxamine,0
Ltryptophan,Fluvoxamine,14
Lansoprazole,Fluvoxamine,0
Levonorgestrel,Fluvoxamine,0
Levothyroxine,Fluvoxamine,0
Lidocaine,Fluvoxamine,0
Loratadine,Fluvoxamine,0
Lorazepam,Fluvoxamine,1
Lovastatin,Fluvoxamine,2
Mefloquine,Fluvoxamine,0
Menadione,Fluvoxamine,0
Meprobamate,Fluvoxamine,0
Methadone,Fluvoxamine,0
Methylergometrine,Fluvoxamine,1
Methylphenidate,Fluvoxamine,0
Metoprolol,Fluvoxamine,2
Mexiletine,Fluvoxamine,0
Mirtazapine,Fluvoxamine,1
Montelukast,Fluvoxamine,0
Morphine,Fluvoxamine,0
Nabilone,Fluvoxamine,5
Nabumetone,Fluvoxamine,0
Indomethacin,Folicacid,4
Masoprocol,Folicacid,4
Nabumetone,Folicacid,4
Gefitinib,Imipramine,0
Gefitinib,Isradipine,0
Gefitinib,Lansoprazole,3
Gefitinib,Lovastatin,0
Gefitinib,Methadone,0
Gefitinib,Metoprolol,2
Glimepiride,Levonorgestrel,4
Glimepiride,Lipoicacid,10
Glimepiride,Lovastatin,0
Glimepiride,Metoprolol,10
Griseofulvin,Isradipine,15
Griseofulvin,Levonorgestrel,3
Imipramine,Hydromorphone,0
Ipratropiumbromide,Hydromorphone,1
Isradipine,Hydromorphone,0
Lidocaine,Hydromorphone,1
Loratadine,Hydromorphone,1
Lorazepam,Hydromorphone,1
Lovastatin,Hydromorphone,0
Meprobamate,Hydromorphone,1
Methadone,Hydromorphone,0
Metoprolol,Hydromorphone,0
Mirtazapine,Hydromorphone,5
Morphine,Hydromorphone,1
Nabilone,Hydromorphone,5
Imipramine,Ipratropiumbromide,0
Imipramine,Isradipine,0
Imipramine,Ltryptophan,14
Imipramine,Levothyroxine,26
Imipramine,Lidocaine,0
Imipramine,Loratadine,0
Imipramine,Lorazepam,1
Imipramine,Lovastatin,0
Imipramine,Meprobamate,1
Imipramine,Methadone,1
Imipramine,Methylphenidate,1
Imipramine,Metoprolol,2
Imipramine,Mexiletine,0
Imipramine,Midodrine,54
Imipramine,Mirtazapine,5
Imipramine,Morphine,1
Imipramine,Nabilone,5
Indomethacin,Lovastatin,0
Indomethacin,Masoprocol,1
Indomethacin,Metoprolol,9
Indomethacin,Nabumetone,1
Ipratropiumbromide,Isradipine,0
Ipratropiumbromide,Lovastatin,0
Ipratropiumbromide,Mefloquine,4
Ipratropiumbromide,Methadone,0
Ipratropiumbromide,Metoprolol,0
Ipratropiumbromide,Morphine,1
Ipratropiumbromide,Nabilone,22
Isradipine,Lansoprazole,0
Isradipine,Levonorgestrel,0
Isradipine,Levothyroxine,0
Isradipine,Lidocaine,0
Isradipine,Loratadine,0
Isradipine,Lovastatin,2
Isradipine,Mefloquine,0
Isradipine,Methadone,0
Isradipine,Methylergometrine,1
Isradipine,Methylphenidate,9
Isradipine,Metoprolol,7
Isradipine,Mexiletine,0
Isradipine,Mirtazapine,0
Isradipine,Montelukast,0
Isradipine,Morphine,0
Isradipine,Nabilone,1
Ltryptophan,Methadone,14
Ltryptophan,Mirtazapine,14
Lansoprazole,Lovastatin,2
Lansoprazole,Methylergometrine,1
Lansoprazole,Methylphenidate,47
Lansoprazole,Metoprolol,2
Levonorgestrel,Lovastatin,0
Levothyroxine,Lovastatin,0
Levothyroxine,Mirtazapine,26
Lidocaine,Loratadine,1
Lidocaine,Lorazepam,1
Lidocaine,Lovastatin,2
Lidocaine,Menadione,0
Lidocaine,Meprobamate,1
Lidocaine,Methadone,0
Lidocaine,Methylergometrine,1
Lidocaine,Metoprolol,2
Lidocaine,Mexiletine,0
Lidocaine,Mirtazapine,5
Lidocaine,Morphine,1
Lidocaine,Nabilone,5
Lidocaine,Nabumetone,0
Loratadine,Lorazepam,1
Loratadine,Lovastatin,2
Loratadine,Meprobamate,1
Loratadine,Methadone,0
Loratadine,Methylergometrine,1
Loratadine,Metoprolol,2
Loratadine,Mirtazapine,5
Loratadine,Morphine,1
Loratadine,Nabilone,5
Lorazepam,Mefloquine,4
Lorazepam,Meprobamate,1
Lorazepam,Methadone,5
Lorazepam,Mirtazapine,5
Lorazepam,Morphine,1
Lorazepam,Nabilone,5
Lovastatin,Mefloquine,2
Lovastatin,Methadone,2
Lovastatin,Methylergometrine,2
Lovastatin,Metoprolol,2
Lovastatin,Mexiletine,0
Lovastatin,Mirtazapine,2
Lovastatin,Montelukast,0
Lovastatin,Morphine,0
Masoprocol,Metoprolol,9
Masoprocol,Nabumetone,1
Mefloquine,Meprobamate,4
Mefloquine,Methadone,6
Mefloquine,Methylergometrine,1
Mefloquine,Metoprolol,2
Menadione,Mexiletine,0
Meprobamate,Methadone,1
Meprobamate,Mirtazapine,5
Meprobamate,Morphine,1
Meprobamate,Nabilone,5
Methadone,Methylergometrine,1
Methadone,Methylphenidate,0
Methadone,Metoprolol,2
Methadone,Mexiletine,0
Methadone,Mirtazapine,5
Methadone,Morphine,0
Methadone,Nabilone,5
Methylergometrine,Metoprolol,33
Methylergometrine,Midodrine,23
Methylergometrine,Mirtazapine,1
Methylphenidate,Metoprolol,2
Methylphenidate,Mirtazapine,1
Metoprolol,Mexiletine,0
Metoprolol,Midodrine,2
Metoprolol,Mirtazapine,2
Metoprolol,Morphine,0
Metoprolol,Nabilone,1
Metoprolol,Nabumetone,9
Mexiletine,Mirtazapine,0
Mexiletine,Nabumetone,0
Midodrine,Mirtazapine,54
Midodrine,Nabilone,22
Mirtazapine,Morphine,5
Mirtazapine,Nabilone,5
Morphine,Nabilone,5
